,time,open,high,low,close,volume,ticker
0,2019-05-20,43070,43910,43010,43710,607060,VCB
1,2019-05-21,43780,44100,43650,43650,473170,VCB
2,2019-05-22,43330,44230,43200,43330,662700,VCB
3,2019-05-23,43460,43840,43260,43590,378440,VCB
4,2019-05-24,43390,43840,42620,42880,931250,VCB
5,2019-05-27,43200,43710,42880,43460,341320,VCB
6,2019-05-28,43200,44230,43070,43460,664400,VCB
7,2019-05-29,43590,43910,43330,43520,313510,VCB
8,2019-05-30,43520,43910,43390,43650,320900,VCB
9,2019-05-31,43520,43840,43070,43330,712090,VCB
10,2019-06-03,42880,43330,41260,42880,593660,VCB
11,2019-06-04,42550,43520,42490,43330,387780,VCB
12,2019-06-05,43330,43520,43010,43010,269120,VCB
13,2019-06-06,43010,43010,41910,42490,394550,VCB
14,2019-06-07,42880,43200,42040,42300,490880,VCB
15,2019-06-10,43070,43520,42550,43010,585460,VCB
16,2019-06-11,42880,43520,42880,43460,280100,VCB
17,2019-06-12,43460,43520,43130,43200,212910,VCB
18,2019-06-13,43200,43520,42810,43390,546960,VCB
19,2019-06-14,43520,44880,43390,44620,2478770,VCB
20,2019-06-17,44620,45330,44490,44620,1018520,VCB
21,2019-06-18,44490,45460,43970,45330,958120,VCB
22,2019-06-19,45000,45580,44750,45000,767310,VCB
23,2019-06-20,44940,46100,44880,46100,934290,VCB
24,2019-06-21,45780,46420,45780,45780,1785930,VCB
25,2019-06-24,46100,47580,45780,47070,1407410,VCB
26,2019-06-25,46940,46940,46420,46680,390840,VCB
27,2019-06-26,46680,46750,45460,45460,918850,VCB
28,2019-06-27,45780,45780,44750,44810,1187150,VCB
29,2019-06-28,44880,46420,44100,45460,830140,VCB
30,2019-07-01,45780,46360,45710,45970,565640,VCB
31,2019-07-02,46100,46100,45330,45460,363020,VCB
32,2019-07-03,45460,45780,44880,44880,796720,VCB
33,2019-07-04,45130,46750,44940,46750,1125010,VCB
34,2019-07-05,46750,46810,46420,46810,425620,VCB
35,2019-07-08,46420,46620,45780,45970,723300,VCB
36,2019-07-09,46100,46360,45520,46360,668550,VCB
37,2019-07-10,46750,46870,46360,46750,639160,VCB
38,2019-07-11,46810,48100,46810,47710,1286980,VCB
39,2019-07-12,47710,48030,47450,47520,926210,VCB
40,2019-07-15,47710,48360,47520,48360,1089930,VCB
41,2019-07-16,48680,50290,48610,49780,1901200,VCB
42,2019-07-17,49320,49710,48870,49130,802350,VCB
43,2019-07-18,48940,49780,48740,49260,858680,VCB
44,2019-07-19,48940,51450,49260,50940,1316760,VCB
45,2019-07-22,50940,51260,50740,50940,930520,VCB
46,2019-07-23,50870,51130,50610,50870,626060,VCB
47,2019-07-24,51260,51260,49320,49580,1380620,VCB
48,2019-07-25,49580,50160,49450,50100,457360,VCB
49,2019-07-26,50100,51390,49970,50610,942260,VCB
50,2019-07-29,50610,52230,50480,52230,986830,VCB
51,2019-07-30,52870,53190,51970,51970,1133490,VCB
52,2019-07-31,51580,51900,51320,51710,512820,VCB
53,2019-08-01,51710,51900,51390,51900,538850,VCB
54,2019-08-02,51390,51900,51000,51000,680000,VCB
55,2019-08-05,51070,51390,49710,49900,857570,VCB
56,2019-08-06,49260,49580,48870,49200,1172520,VCB
57,2019-08-07,49200,50550,49200,50550,567830,VCB
58,2019-08-08,50610,51450,50360,50610,612530,VCB
59,2019-08-09,50740,51190,50550,50610,638630,VCB
60,2019-08-12,50610,50810,49780,50100,475000,VCB
61,2019-08-13,49780,49970,48940,49200,809300,VCB
62,2019-08-14,50290,50290,49200,49200,354750,VCB
63,2019-08-15,48100,50940,48100,50940,510330,VCB
64,2019-08-16,50160,50680,50160,50230,551180,VCB
65,2019-08-19,50230,50610,49450,49520,692740,VCB
66,2019-08-20,50160,50160,49450,49580,453760,VCB
67,2019-08-21,49580,51770,49450,51580,1927720,VCB
68,2019-08-22,51710,51840,51320,51580,762090,VCB
69,2019-08-23,51580,51710,51070,51070,451500,VCB
70,2019-08-26,50420,50680,49970,50160,672220,VCB
71,2019-08-27,50420,50810,49000,49320,1116480,VCB
72,2019-08-28,49520,49840,49520,49650,588810,VCB
73,2019-08-29,49580,49900,49320,49520,422240,VCB
74,2019-08-30,49580,50100,49650,50100,280130,VCB
75,2019-09-03,50160,50230,49450,50160,580830,VCB
76,2019-09-04,49970,49970,49580,49840,527770,VCB
77,2019-09-05,49780,50810,49780,50030,408900,VCB
78,2019-09-06,50290,50290,49650,49840,287990,VCB
79,2019-09-09,49840,49900,49650,49780,236440,VCB
80,2019-09-10,49780,51070,49710,50100,651950,VCB
81,2019-09-11,49840,50610,49840,50420,141450,VCB
82,2019-09-12,50610,51260,50610,51260,800240,VCB
83,2019-09-13,51450,52870,51450,52810,1408780,VCB
84,2019-09-16,52810,53320,52100,52230,697310,VCB
85,2019-09-17,52030,52420,51900,52290,896290,VCB
86,2019-09-18,52290,53190,51900,51970,809820,VCB
87,2019-09-19,52230,52680,51900,52550,527230,VCB
88,2019-09-20,52550,53390,52230,52230,2794080,VCB
89,2019-09-23,52610,52810,50940,50940,1187100,VCB
90,2019-09-24,51260,52100,50870,51970,791470,VCB
91,2019-09-25,51580,52160,51190,52030,729340,VCB
92,2019-09-26,52030,52420,51770,52230,1040190,VCB
93,2019-09-27,52420,53580,52100,53450,1388490,VCB
94,2019-09-30,53450,53710,52810,52930,775770,VCB
95,2019-10-01,52930,53900,52740,53770,795100,VCB
96,2019-10-02,53770,53970,52680,52870,1224650,VCB
97,2019-10-03,52740,52870,51970,52870,1003810,VCB
98,2019-10-04,52870,53840,52740,53520,1121700,VCB
99,2019-10-07,54160,54480,53390,53390,1134390,VCB
100,2019-10-08,53390,55000,53390,54870,1461940,VCB
101,2019-10-09,54870,55260,54480,54480,860160,VCB
102,2019-10-10,54740,54930,54480,54550,753670,VCB
103,2019-10-11,54480,55060,54420,55000,730370,VCB
104,2019-10-14,55130,55450,54800,54800,620800,VCB
105,2019-10-15,54800,55060,54610,54930,648400,VCB
106,2019-10-16,55580,55640,55260,55510,668740,VCB
107,2019-10-17,55710,55710,54680,54930,1023870,VCB
108,2019-10-18,55130,55320,54680,54800,417240,VCB
109,2019-10-21,54740,54740,53900,54290,561470,VCB
110,2019-10-22,54290,55320,54290,55060,473090,VCB
111,2019-10-23,55130,55320,54550,55000,538120,VCB
112,2019-10-24,55000,56090,54870,56030,660180,VCB
113,2019-10-25,56030,57060,55840,56740,838210,VCB
114,2019-10-28,56740,56870,56350,56350,383850,VCB
115,2019-10-29,56350,56420,55640,55710,702620,VCB
116,2019-10-30,55510,56870,55510,56610,607710,VCB
117,2019-10-31,56800,57060,56480,56550,319340,VCB
118,2019-11-01,56550,57640,56420,57250,1071470,VCB
119,2019-11-04,57580,59640,57580,59320,1091260,VCB
120,2019-11-05,59380,59640,58480,58540,616630,VCB
121,2019-11-06,58540,59510,58480,58670,673230,VCB
122,2019-11-07,58670,59250,58670,58870,360850,VCB
123,2019-11-08,58870,59250,58540,59000,416510,VCB
124,2019-11-11,59190,59190,58670,58870,423790,VCB
125,2019-11-12,58930,59380,58870,59120,595820,VCB
126,2019-11-13,59450,59450,58030,58350,706550,VCB
127,2019-11-14,58350,58930,58160,58610,375320,VCB
128,2019-11-15,58030,58670,57640,57840,565270,VCB
129,2019-11-18,57710,57960,56420,56480,700550,VCB
130,2019-11-19,56740,58670,56740,58670,526560,VCB
131,2019-11-20,58670,58670,57710,57710,516280,VCB
132,2019-11-21,57450,57840,56420,56420,1000670,VCB
133,2019-11-22,55130,57060,54930,55130,1346230,VCB
134,2019-11-25,55130,55450,53260,54480,1445550,VCB
135,2019-11-26,54480,55320,54480,54610,727130,VCB
136,2019-11-27,55130,56090,55000,55640,484360,VCB
137,2019-11-28,55450,55640,54740,55000,494650,VCB
138,2019-11-29,55190,55320,54800,55000,318000,VCB
139,2019-12-02,55000,55260,53520,53840,438800,VCB
140,2019-12-03,53520,54220,52870,52870,635370,VCB
141,2019-12-04,52810,54680,52550,54610,376730,VCB
142,2019-12-05,54800,55260,54550,54680,378490,VCB
143,2019-12-06,54680,54930,54420,54740,256400,VCB
144,2019-12-09,54740,55260,54420,54930,400740,VCB
145,2019-12-10,55000,55380,54800,55060,512290,VCB
146,2019-12-11,55450,55450,54930,55380,415080,VCB
147,2019-12-12,55510,56740,55450,56420,464750,VCB
148,2019-12-13,56800,57060,56420,57000,746800,VCB
149,2019-12-16,57000,57000,54800,55450,665550,VCB
150,2019-12-17,55710,56090,55000,55000,266250,VCB
151,2019-12-18,55060,55900,55000,55900,845740,VCB
152,2019-12-19,55900,56870,55450,56740,1014960,VCB
153,2019-12-20,56740,57060,56610,56930,389360,VCB
154,2019-12-23,57320,58670,57320,58610,937250,VCB
155,2019-12-24,58540,58540,57320,58030,507600,VCB
156,2019-12-25,58030,58610,57380,57960,230880,VCB
157,2019-12-26,58350,58350,57380,57640,404110,VCB
158,2019-12-27,57580,58350,56930,58350,498870,VCB
159,2019-12-30,58870,59980,58550,59200,660140,VCB
160,2019-12-31,58940,59260,58610,58680,230770,VCB
161,2020-01-02,58680,59460,58350,59070,386290,VCB
162,2020-01-03,59520,59720,58480,58480,536130,VCB
163,2020-01-06,58030,58220,56920,56920,880110,VCB
164,2020-01-07,56590,57180,55550,57110,1013270,VCB
165,2020-01-08,56530,57180,56070,56590,722280,VCB
166,2020-01-09,57050,57830,57050,57700,722670,VCB
167,2020-01-10,57700,58810,57180,58220,1526920,VCB
168,2020-01-13,57900,58420,57900,58160,1044640,VCB
169,2020-01-14,58220,58550,57960,58160,1001130,VCB
170,2020-01-15,58290,58290,57770,58090,1471860,VCB
171,2020-01-16,58090,58740,57830,58220,1171580,VCB
172,2020-01-17,58220,61470,58220,61470,2219790,VCB
173,2020-01-20,61470,61670,60820,61150,832190,VCB
174,2020-01-21,61080,61540,60890,61150,749590,VCB
175,2020-01-22,61150,61800,60560,60760,877710,VCB
176,2020-01-30,59910,60110,56590,57830,3541560,VCB
177,2020-01-31,57250,58420,57050,57700,1270160,VCB
178,2020-02-03,54710,58680,53990,57700,1457070,VCB
179,2020-02-04,57900,58420,57050,58420,1118410,VCB
180,2020-02-05,58680,58810,57770,57830,731310,VCB
181,2020-02-06,58160,59130,57770,58160,889570,VCB
182,2020-02-07,58420,59070,57900,58550,1170540,VCB
183,2020-02-10,58030,58220,57570,57830,607060,VCB
184,2020-02-11,57900,58220,57830,58030,520210,VCB
185,2020-02-12,58420,58420,57960,58160,609750,VCB
186,2020-02-13,58030,58220,57770,58090,633270,VCB
187,2020-02-14,57900,58420,57900,58090,432800,VCB
188,2020-02-17,58090,58480,57960,58160,343900,VCB
189,2020-02-18,58290,58290,57900,58160,432880,VCB
190,2020-02-19,57900,58220,57900,58220,264010,VCB
191,2020-02-20,58350,58810,58030,58220,541120,VCB
192,2020-02-21,58220,58220,57900,57900,898350,VCB
193,2020-02-24,55940,57250,55940,56720,995910,VCB
194,2020-02-25,55940,56590,55810,56070,1229530,VCB
195,2020-02-26,55940,55940,54640,55290,1163030,VCB
196,2020-02-27,54640,55030,53930,54640,1227980,VCB
197,2020-02-28,52110,54250,52110,53600,1710080,VCB
198,2020-03-02,53020,53470,52890,53210,668980,VCB
199,2020-03-03,54320,54320,53470,53470,848270,VCB
200,2020-03-04,53340,53340,52690,53150,581530,VCB
201,2020-03-05,53470,54380,53470,54060,833710,VCB
202,2020-03-06,53990,55750,53340,54970,884750,VCB
203,2020-03-09,51390,52630,51130,51130,1209500,VCB
204,2020-03-10,50740,51980,49050,51980,1433230,VCB
205,2020-03-11,52300,52300,48400,50090,1806190,VCB
206,2020-03-12,46840,47490,46640,46640,1582400,VCB
207,2020-03-13,43390,47490,43390,46190,1859750,VCB
208,2020-03-16,46190,46190,43260,43650,1022550,VCB
209,2020-03-17,41370,43910,41370,43910,1364590,VCB
210,2020-03-18,44230,45990,44230,45080,1099800,VCB
211,2020-03-19,43780,44690,42930,42930,1191150,VCB
212,2020-03-20,42930,43130,40010,40010,2763360,VCB
213,2020-03-23,37470,38050,37210,37210,1875070,VCB
214,2020-03-24,37210,37990,36820,37730,1498070,VCB
215,2020-03-25,39030,40330,38840,40330,1835730,VCB
216,2020-03-26,40330,42090,40010,41110,1484590,VCB
217,2020-03-27,41180,42870,40660,41700,1569620,VCB
218,2020-03-30,39100,39940,38900,39680,1637330,VCB
219,2020-03-31,40010,41700,39030,40330,957500,VCB
220,2020-04-01,40010,42870,40010,42280,1229320,VCB
221,2020-04-03,42280,43130,41630,42610,1726690,VCB
222,2020-04-06,43910,44430,42930,44230,2111200,VCB
223,2020-04-07,44230,44890,43450,44360,1773570,VCB
224,2020-04-08,43580,44360,43450,43910,1778380,VCB
225,2020-04-09,44230,46840,44230,46190,1795170,VCB
226,2020-04-10,46190,46770,45280,45930,1599380,VCB
227,2020-04-13,45930,46710,45540,46060,1046830,VCB
228,2020-04-14,45860,46060,44100,45470,1944570,VCB
229,2020-04-15,45340,46380,45340,46120,1017740,VCB
230,2020-04-16,45540,46320,45410,46320,1057050,VCB
231,2020-04-17,46510,46710,46120,46450,1473140,VCB
232,2020-04-20,46640,47100,46060,46770,1026030,VCB
233,2020-04-21,46190,46510,44100,46510,2159110,VCB
234,2020-04-22,44890,46250,44890,45080,1612290,VCB
235,2020-04-23,46190,46190,44760,45020,1201610,VCB
236,2020-04-24,45020,45280,43910,44820,972170,VCB
237,2020-04-27,45470,45470,43450,43450,2547060,VCB
238,2020-04-28,43450,44560,42410,43580,2052860,VCB
239,2020-04-29,44230,44300,43580,44230,1523750,VCB
240,2020-05-04,44230,44300,43450,43840,852260,VCB
241,2020-05-05,43780,44040,43450,43450,1007640,VCB
242,2020-05-06,43780,44040,43260,43970,855770,VCB
243,2020-05-07,44100,45340,44040,45340,1936540,VCB
244,2020-05-08,45540,48270,45410,47810,3865590,VCB
245,2020-05-11,48460,48460,47160,48460,1696160,VCB
246,2020-05-12,48530,49440,48400,49180,2199500,VCB
247,2020-05-13,49180,49760,46840,49180,1851970,VCB
248,2020-05-14,48790,49700,48720,49440,2121750,VCB
249,2020-05-15,49700,49760,49180,49440,1596240,VCB
250,2020-05-18,49630,51390,49310,51070,1002690,VCB
251,2020-05-19,51980,52110,51260,51390,1129270,VCB
252,2020-05-20,51000,51850,51000,51780,710200,VCB
253,2020-05-21,52040,52820,51780,52820,1425500,VCB
254,2020-05-22,52820,52890,52040,52690,805710,VCB
255,2020-05-25,52630,52890,52560,52760,708710,VCB
256,2020-05-26,52690,53730,52690,53670,740930,VCB
257,2020-05-27,53990,54900,53930,53930,817770,VCB
258,2020-05-28,53990,55360,53990,54970,1849310,VCB
259,2020-05-29,55290,55940,54970,55420,1161180,VCB
260,2020-06-01,55620,56400,55620,56270,725310,VCB
261,2020-06-02,56530,56530,56140,56330,1009040,VCB
262,2020-06-03,56590,57180,56530,57180,462750,VCB
263,2020-06-04,57250,57900,57250,57900,450240,VCB
264,2020-06-05,57960,58090,56590,57900,810570,VCB
265,2020-06-08,57900,58680,57510,58160,802240,VCB
266,2020-06-09,58480,58550,58160,58220,417690,VCB
267,2020-06-10,58220,58420,58090,58290,793590,VCB
268,2020-06-11,58220,58290,56590,57250,1163900,VCB
269,2020-06-12,53670,56270,53670,55680,1612920,VCB
270,2020-06-15,55680,55810,53210,53340,1218540,VCB
271,2020-06-16,54640,54640,53600,54450,802980,VCB
272,2020-06-17,55290,55420,54510,54770,737830,VCB
273,2020-06-18,54640,56270,54580,55290,1809780,VCB
274,2020-06-19,55290,55940,55290,55550,723970,VCB
275,2020-06-22,55290,55680,55290,55620,1308600,VCB
276,2020-06-23,55620,56590,55490,55940,917230,VCB
277,2020-06-24,55940,55940,54710,55100,710160,VCB
278,2020-06-25,53800,54900,53800,54450,506650,VCB
279,2020-06-26,54710,55100,53990,54190,355930,VCB
280,2020-06-29,54190,54190,52760,53020,594140,VCB
281,2020-06-30,53670,53670,52040,52240,709990,VCB
282,2020-07-01,52240,53800,52040,53800,404440,VCB
283,2020-07-02,54120,54120,52690,53730,469040,VCB
284,2020-07-03,53670,54190,53470,53990,370340,VCB
285,2020-07-06,53990,54250,53600,53930,1218830,VCB
286,2020-07-07,54640,54770,54190,54250,1336830,VCB
287,2020-07-08,54120,54250,53860,53990,485190,VCB
288,2020-07-09,54580,54580,54190,54380,962170,VCB
289,2020-07-10,54250,54380,53410,53800,918560,VCB
290,2020-07-13,54250,54320,53600,53930,371630,VCB
291,2020-07-14,53930,53990,53470,53990,427110,VCB
292,2020-07-15,54120,54510,54120,54320,1198530,VCB
293,2020-07-16,54510,54580,53930,54320,1091190,VCB
294,2020-07-17,54380,54380,53860,53860,628000,VCB
295,2020-07-20,53670,53800,53150,53470,696830,VCB
296,2020-07-21,53670,53860,53150,53670,681740,VCB
297,2020-07-22,53670,53670,53470,53670,625320,VCB
298,2020-07-23,53670,53860,53410,53670,1350870,VCB
299,2020-07-24,53410,53540,51070,52690,1341540,VCB
300,2020-07-27,49440,52040,49440,50090,1274570,VCB
301,2020-07-28,50090,51260,49760,51070,910690,VCB
302,2020-07-29,49440,50740,48850,50410,833570,VCB
303,2020-07-30,50480,51070,50280,50350,937680,VCB
304,2020-07-31,49440,50350,49440,49700,672940,VCB
305,2020-08-03,49440,51260,49440,51260,422820,VCB
306,2020-08-04,52040,53280,51650,53280,616840,VCB
307,2020-08-05,53280,53990,52300,53800,778840,VCB
308,2020-08-06,53730,54060,53280,53860,802350,VCB
309,2020-08-07,53990,53990,53600,53930,518660,VCB
310,2020-08-10,53990,54120,53280,53280,576570,VCB
311,2020-08-11,53670,53730,53210,53410,312920,VCB
312,2020-08-12,53410,53540,53280,53410,310430,VCB
313,2020-08-13,53930,53990,53340,53990,385320,VCB
314,2020-08-14,53990,54060,53280,53340,820270,VCB
315,2020-08-17,53340,53930,53150,53540,389480,VCB
316,2020-08-18,53540,53730,53150,53540,331690,VCB
317,2020-08-19,53540,53990,53340,53990,586790,VCB
318,2020-08-20,53990,54970,53990,53990,1093620,VCB
319,2020-08-21,53990,54120,53730,53930,1281740,VCB
320,2020-08-24,53990,55030,53990,54580,1530010,VCB
321,2020-08-25,54580,55230,54580,54580,1748400,VCB
322,2020-08-26,54580,54580,54250,54320,1585740,VCB
323,2020-08-27,54320,54580,54120,54320,1003280,VCB
324,2020-08-28,54380,54580,54190,54250,1645430,VCB
325,2020-08-31,54640,54970,53860,53990,971310,VCB
326,2020-09-01,53990,54190,53930,53990,1625600,VCB
327,2020-09-03,54450,56270,54450,56070,2503810,VCB
328,2020-09-04,55290,56010,55160,55230,2425360,VCB
329,2020-09-07,55100,55360,54380,54380,1181750,VCB
330,2020-09-08,54380,54580,53540,53670,1985560,VCB
331,2020-09-09,53340,54120,53020,53470,1472680,VCB
332,2020-09-10,53990,54190,53410,53410,689700,VCB
333,2020-09-11,53410,53730,53210,53540,665690,VCB
334,2020-09-14,53860,54060,53800,53990,594680,VCB
335,2020-09-15,53990,54320,53670,53670,998970,VCB
336,2020-09-16,53730,54060,53340,53930,628030,VCB
337,2020-09-17,53670,53990,53340,53670,1043250,VCB
338,2020-09-18,53600,53990,53600,53930,1188400,VCB
339,2020-09-21,54060,54380,53990,53990,1671360,VCB
340,2020-09-22,53990,54900,53860,54640,1746960,VCB
341,2020-09-23,54770,55620,54770,55550,1395190,VCB
342,2020-09-24,54710,56070,54710,56010,1628730,VCB
343,2020-09-25,56010,56070,55620,55940,1107270,VCB
344,2020-09-28,55810,56070,55550,55940,1254760,VCB
345,2020-09-29,55940,56010,54510,55030,1609090,VCB
346,2020-09-30,55290,55290,54510,54710,584450,VCB
347,2020-10-01,55360,55360,54770,55160,367030,VCB
348,2020-10-02,55160,55290,52040,54640,890840,VCB
349,2020-10-05,54970,55290,54250,54320,811740,VCB
350,2020-10-06,54510,54900,54120,54580,1105060,VCB
351,2020-10-07,54380,55420,54060,55290,988270,VCB
352,2020-10-08,55620,55620,54510,55160,549140,VCB
353,2020-10-09,54970,55290,54970,55160,366200,VCB
354,2020-10-12,55940,56590,55160,55880,1574610,VCB
355,2020-10-13,55940,56530,55620,56270,814530,VCB
356,2020-10-14,56460,57900,56400,57380,1206380,VCB
357,2020-10-15,57380,57640,56460,57640,1424740,VCB
358,2020-10-16,57570,57640,56920,57380,668850,VCB
359,2020-10-19,57250,57440,56920,56920,1052250,VCB
360,2020-10-20,56590,57110,56530,57050,1075780,VCB
361,2020-10-21,57110,57640,55880,56070,1452050,VCB
362,2020-10-22,56010,56330,55360,56330,1320610,VCB
363,2020-10-23,56530,56920,56400,56920,657830,VCB
364,2020-10-26,56920,57110,55940,55940,911390,VCB
365,2020-10-27,55940,56790,55620,55940,1169320,VCB
366,2020-10-28,55940,56270,54320,54770,866330,VCB
367,2020-10-29,54900,55160,54320,54380,764720,VCB
368,2020-10-30,54380,54900,53860,53990,1090610,VCB
369,2020-11-02,53990,55810,53990,55810,366300,VCB
370,2020-11-03,55810,55880,55100,55290,308550,VCB
371,2020-11-04,55290,55620,54840,55290,394660,VCB
372,2020-11-05,55620,55620,55160,55290,507960,VCB
373,2020-11-06,55360,55360,54640,55290,323160,VCB
374,2020-11-09,55290,55810,55160,55620,1007000,VCB
375,2020-11-10,56010,56790,55360,55360,1511520,VCB
376,2020-11-11,55620,56330,55230,55230,1032520,VCB
377,2020-11-12,55750,56270,55680,56200,405350,VCB
378,2020-11-13,56330,56530,56070,56530,417840,VCB
379,2020-11-16,56720,57110,55290,55810,1250340,VCB
380,2020-11-17,55810,56980,55620,56980,548250,VCB
381,2020-11-18,56980,57050,56590,56980,906810,VCB
382,2020-11-19,57050,58680,56850,58680,2584440,VCB
383,2020-11-20,59200,60170,58610,60170,1231960,VCB
384,2020-11-23,59910,60110,59200,59590,648830,VCB
385,2020-11-24,59850,60110,59070,60110,996580,VCB
386,2020-11-25,60170,61280,60040,60820,1088020,VCB
387,2020-11-26,60820,61150,60240,61150,698350,VCB
388,2020-11-27,61150,61470,60630,61470,1210580,VCB
389,2020-11-30,60950,61150,59520,60500,1448340,VCB
390,2020-12-01,59000,60630,59000,59850,1162270,VCB
391,2020-12-02,59850,60820,59520,60820,746710,VCB
392,2020-12-03,60820,61080,60110,60820,736760,VCB
393,2020-12-04,60630,60820,59260,59260,860900,VCB
394,2020-12-07,59460,60690,59460,60560,945460,VCB
395,2020-12-08,60500,61080,59520,60560,702820,VCB
396,2020-12-09,60890,62770,60630,62770,1198160,VCB
397,2020-12-10,62770,63560,62710,63230,1299820,VCB
398,2020-12-11,63230,63290,62380,63230,776190,VCB
399,2020-12-14,63230,64989,62380,64989,931080,VCB
400,2020-12-15,64400,64920,62770,63620,1433260,VCB
401,2020-12-16,64080,64989,63620,64989,740700,VCB
402,2020-12-17,64140,64140,61800,62450,2305960,VCB
403,2020-12-18,62450,64340,62450,64340,1053200,VCB
404,2020-12-21,64860,64930,63810,64860,697030,VCB
405,2020-12-22,64269,64340,63940,64200,748840,VCB
406,2020-12-23,63940,64599,63550,63940,666390,VCB
407,2020-12-24,64200,64200,62960,63810,815730,VCB
408,2020-12-25,63610,64010,63420,64010,314960,VCB
409,2020-12-28,64269,64400,63810,64269,836090,VCB
410,2020-12-29,64269,65450,64140,65060,696510,VCB
411,2020-12-30,65060,65319,63940,64200,509510,VCB
412,2020-12-31,64200,64930,63610,64200,367140,VCB
413,2021-01-04,64269,65450,63810,64930,855900,VCB
414,2021-01-05,64930,65980,64930,65120,739200,VCB
415,2021-01-06,65250,69650,65120,68860,2080400,VCB
416,2021-01-07,68200,71160,68200,70170,889000,VCB
417,2021-01-08,70830,70830,68530,68730,963900,VCB
418,2021-01-11,68600,69320,68270,68530,847400,VCB
419,2021-01-12,69250,69250,68340,69250,634900,VCB
420,2021-01-13,69250,69580,68200,68730,1064200,VCB
421,2021-01-14,68860,68990,67750,68140,832200,VCB
422,2021-01-15,68730,68800,67220,67680,1099800,VCB
423,2021-01-18,67880,68860,67550,67750,1060400,VCB
424,2021-01-19,67610,67750,63020,64930,1130300,VCB
425,2021-01-20,64930,69450,64269,64989,2093000,VCB
426,2021-01-21,64989,67550,64269,67550,1283700,VCB
427,2021-01-22,67550,68200,66890,67550,1268500,VCB
428,2021-01-25,66300,67550,66300,67220,725900,VCB
429,2021-01-26,67220,67220,64930,66170,970500,VCB
430,2021-01-27,64989,65580,61580,63880,1566800,VCB
431,2021-01-28,60340,61190,59420,59420,1205500,VCB
432,2021-01-29,56070,63550,56070,60990,1359000,VCB
433,2021-02-01,62960,62960,59680,59740,1309600,VCB
434,2021-02-02,60340,63420,60340,63290,1064500,VCB
435,2021-02-03,64200,64930,63350,64860,1454600,VCB
436,2021-02-04,64860,64930,61580,64860,967300,VCB
437,2021-02-05,64860,65580,64200,65580,897400,VCB
438,2021-02-08,64930,65450,61060,61710,2902200,VCB
439,2021-02-09,63610,63880,61060,63750,2978900,VCB
440,2021-02-17,63940,65580,63940,65580,1054100,VCB
441,2021-02-18,64930,66890,64269,66890,1688900,VCB
442,2021-02-19,65060,66700,64989,66430,1851200,VCB
443,2021-02-22,65910,66890,65780,65980,1388700,VCB
444,2021-02-23,65580,66240,65060,65580,1441400,VCB
445,2021-02-24,65910,66240,63290,64340,1265300,VCB
446,2021-02-25,64930,65250,64010,64400,896100,VCB
447,2021-02-26,63810,64930,63610,64400,1070700,VCB
448,2021-03-01,64400,65120,64400,65060,911200,VCB
449,2021-03-02,65580,66760,64269,65120,1189600,VCB
450,2021-03-03,64470,65190,64400,64530,915600,VCB
451,2021-03-04,64660,65250,61060,63810,1118100,VCB
452,2021-03-05,63680,63750,62300,63220,1661600,VCB
453,2021-03-08,63610,63610,62300,62430,1501800,VCB
454,2021-03-09,62300,62300,61060,62300,1344300,VCB
455,2021-03-10,62300,62830,61650,62630,1063900,VCB
456,2021-03-11,62830,63480,62830,63160,1009800,VCB
457,2021-03-12,63160,63290,61970,62830,1259800,VCB
458,2021-03-15,62960,63610,62630,63160,1438400,VCB
459,2021-03-16,62960,62960,62370,62760,655800,VCB
460,2021-03-17,62630,62830,62300,62700,1239400,VCB
461,2021-03-18,63090,63940,62630,63940,1609100,VCB
462,2021-03-19,63680,63680,61780,61780,1595700,VCB
463,2021-03-22,62960,63940,62560,63610,1902000,VCB
464,2021-03-23,63550,63550,62560,62830,940800,VCB
465,2021-03-24,62300,62890,61710,62110,1422500,VCB
466,2021-03-25,62110,62960,61970,62370,1160300,VCB
467,2021-03-26,62300,62630,61450,62240,1196800,VCB
468,2021-03-29,62430,62830,61320,62500,1195800,VCB
469,2021-03-30,62500,62500,61710,62170,1748700,VCB
470,2021-03-31,61970,62370,61710,62170,944600,VCB
471,2021-04-01,62430,64069,62430,63550,2697600,VCB
472,2021-04-02,63940,64599,63550,64140,2277500,VCB
473,2021-04-05,65580,67420,64660,66890,3592400,VCB
474,2021-04-06,66890,67220,65910,66830,2243200,VCB
475,2021-04-07,66240,66890,65840,66830,1182700,VCB
476,2021-04-08,66830,66830,65250,65580,1575400,VCB
477,2021-04-09,65250,65250,63940,63940,2101700,VCB
478,2021-04-12,64599,65060,63880,64860,2670100,VCB
479,2021-04-13,65580,65580,63940,63940,1670900,VCB
480,2021-04-14,63810,64730,63550,64730,1336800,VCB
481,2021-04-15,65450,65450,63480,63940,2152800,VCB
482,2021-04-16,63810,64599,62960,63160,1515900,VCB
483,2021-04-19,63610,64599,62830,64599,1387500,VCB
484,2021-04-20,64989,68860,64599,67550,6274200,VCB
485,2021-04-22,67550,69250,67020,67550,2981300,VCB
486,2021-04-23,67550,68200,65910,68200,2285300,VCB
487,2021-04-26,68200,68200,64200,64660,3595400,VCB
488,2021-04-27,64660,65319,64069,64930,1191800,VCB
489,2021-04-28,64930,65120,64069,64930,1426900,VCB
490,2021-04-29,64930,65580,64269,65580,1615700,VCB
491,2021-05-04,64930,65319,64269,64989,1496300,VCB
492,2021-05-05,64989,66890,64989,66370,1826700,VCB
493,2021-05-06,66370,66700,64930,65120,1161200,VCB
494,2021-05-07,64860,64930,63420,63610,2284800,VCB
495,2021-05-10,63420,64400,62890,64340,1674000,VCB
496,2021-05-11,64400,65120,63940,64200,1171500,VCB
497,2021-05-12,64200,64200,63610,63810,1218300,VCB
498,2021-05-13,63750,64140,63480,63480,1698000,VCB
499,2021-05-14,63880,64470,63350,63550,1403600,VCB
500,2021-05-17,63680,63810,62830,62960,1715100,VCB
501,2021-05-18,62500,62960,61970,62040,2103400,VCB
502,2021-05-19,62040,62040,61520,61710,1678100,VCB
503,2021-05-20,61710,64930,61710,64930,1904100,VCB
504,2021-05-21,63160,64269,62960,63480,1459200,VCB
505,2021-05-24,63940,64599,63290,63880,1814700,VCB
506,2021-05-25,63880,65580,63880,65450,3816000,VCB
507,2021-05-26,65519,66760,65379,65840,2356000,VCB
508,2021-05-27,65840,65840,64269,64730,1455000,VCB
509,2021-05-28,64930,66300,64010,65319,2196000,VCB
510,2021-05-31,66240,66240,64470,64660,2621000,VCB
511,2021-06-01,65190,68340,64730,68010,4533500,VCB
512,2021-06-02,68200,70500,68010,69520,4274100,VCB
513,2021-06-03,69580,70830,69520,69980,2802000,VCB
514,2021-06-04,69840,69840,68270,68800,2405800,VCB
515,2021-06-07,68400,68800,66370,67550,2969900,VCB
516,2021-06-08,67550,68200,65580,65580,2351600,VCB
517,2021-06-09,65580,66890,65060,66890,2393900,VCB
518,2021-06-10,66890,67480,65580,66760,2262500,VCB
519,2021-06-11,66300,67880,65910,67420,2048000,VCB
520,2021-06-14,66960,67810,66430,66890,1459700,VCB
521,2021-06-15,66960,67550,66240,67420,1420700,VCB
522,2021-06-16,67220,69520,67220,68200,2898400,VCB
523,2021-06-17,68200,68860,66890,68340,1557000,VCB
524,2021-06-18,68530,71480,68400,71160,3234900,VCB
525,2021-06-21,70830,70960,69520,69910,2107900,VCB
526,2021-06-22,70240,71160,69840,70570,1481900,VCB
527,2021-06-23,70830,72800,70170,71940,2248600,VCB
528,2021-06-24,72140,72660,70700,72600,1143400,VCB
529,2021-06-25,72600,73980,71420,73850,1688800,VCB
530,2021-06-28,73850,74110,72860,73850,1524500,VCB
531,2021-06-29,73450,74760,73120,74760,1853100,VCB
532,2021-06-30,74760,76860,74760,76340,2768000,VCB
533,2021-07-01,76530,76600,75420,76340,1836400,VCB
534,2021-07-02,76340,76470,74760,75350,1727200,VCB
535,2021-07-05,74700,74700,72730,74500,2049100,VCB
536,2021-07-06,73780,75420,73450,73450,1249600,VCB
537,2021-07-07,73450,74370,69520,74370,2679800,VCB
538,2021-07-08,72930,74110,71480,72800,1384100,VCB
539,2021-07-09,72140,72860,70040,72010,2936900,VCB
540,2021-07-12,71810,71810,67610,70240,2480600,VCB
541,2021-07-13,70110,70110,66960,67810,1865300,VCB
542,2021-07-14,67780,67850,65550,66730,2251700,VCB
543,2021-07-15,65680,68500,65680,67190,2319400,VCB
544,2021-07-16,67190,67780,66210,67190,1467300,VCB
545,2021-07-19,65550,65680,62860,63590,2542200,VCB
546,2021-07-20,64120,66210,61300,65680,2386000,VCB
547,2021-07-21,65220,65880,64440,64890,1463700,VCB
548,2021-07-22,64830,66010,64239,65750,1455800,VCB
549,2021-07-23,65099,65420,63590,63590,1668700,VCB
550,2021-07-26,63260,63910,62730,62930,1264200,VCB
551,2021-07-27,63910,63980,62280,62280,2654200,VCB
552,2021-07-28,62350,63590,62350,63590,1490800,VCB
553,2021-07-29,63850,64170,63590,64170,1191800,VCB
554,2021-07-30,63780,64769,63720,64239,1354600,VCB
555,2021-08-02,63590,64700,63190,63590,1279800,VCB
556,2021-08-03,63650,64769,63590,64769,1265700,VCB
557,2021-08-04,65030,65099,64310,64569,1160300,VCB
558,2021-08-05,64239,65220,64170,65160,1127700,VCB
559,2021-08-06,65420,65420,64310,64310,1114400,VCB
560,2021-08-09,64310,64830,64050,64440,1228900,VCB
561,2021-08-10,64890,65030,64569,64890,1556400,VCB
562,2021-08-11,65099,66670,64959,65880,1711700,VCB
563,2021-08-12,65880,66080,65220,65489,986600,VCB
564,2021-08-13,65489,65489,64440,65290,1328900,VCB
565,2021-08-16,65290,65940,64890,65940,1992400,VCB
566,2021-08-17,67190,67520,66210,66210,1688700,VCB
567,2021-08-18,66210,67190,65360,66210,1848000,VCB
568,2021-08-19,66010,67520,65420,67390,2576600,VCB
569,2021-08-20,66340,66800,65160,65620,1798500,VCB
570,2021-08-23,64890,65550,63330,63780,2136200,VCB
571,2021-08-24,65030,65030,63260,63590,1069100,VCB
572,2021-08-25,63590,64890,63450,63910,1069200,VCB
573,2021-08-26,64120,64890,63450,63450,1076900,VCB
574,2021-08-27,62930,64569,62930,64120,1106600,VCB
575,2021-08-30,64500,65160,64120,65099,1221700,VCB
576,2021-08-31,65220,65489,64440,65160,747500,VCB
577,2021-09-01,65160,65489,62930,65160,907500,VCB
578,2021-09-06,65160,65620,65160,65550,904500,VCB
579,2021-09-07,65489,66080,65420,65550,1041800,VCB
580,2021-09-08,65550,65620,63450,65360,863000,VCB
581,2021-09-09,65360,65620,64640,65099,817200,VCB
582,2021-09-10,65420,65420,64640,65030,857800,VCB
583,2021-09-13,64769,64890,64310,64310,1043100,VCB
584,2021-09-14,64310,64569,63590,64440,1230500,VCB
585,2021-09-15,64440,64440,63650,63650,798500,VCB
586,2021-09-16,64830,64830,63910,64310,570400,VCB
587,2021-09-17,63910,64500,63720,63720,1002200,VCB
588,2021-09-20,63780,66210,63780,65290,1277900,VCB
589,2021-09-21,65220,65420,64239,64239,862000,VCB
590,2021-09-22,64500,65220,64239,65220,362800,VCB
591,2021-09-23,65290,65820,64569,65220,676000,VCB
592,2021-09-24,65220,65420,65099,65220,454700,VCB
593,2021-09-27,65220,65360,64239,64239,465500,VCB
594,2021-09-28,64120,65099,63910,65030,484500,VCB
595,2021-09-29,65220,65220,63910,64569,565000,VCB
596,2021-09-30,64569,64640,63650,63720,1199900,VCB
597,2021-10-01,63780,64379,62800,62860,1611900,VCB
598,2021-10-04,62930,63260,61880,62020,913400,VCB
599,2021-10-05,62350,63000,62350,62670,973700,VCB
600,2021-10-06,62670,62670,62140,62670,691200,VCB
601,2021-10-07,62670,63450,62280,63450,797200,VCB
602,2021-10-08,63330,63590,62670,63590,697000,VCB
603,2021-10-11,63590,64500,63450,63910,1096000,VCB
604,2021-10-12,64440,64440,63590,63590,761100,VCB
605,2021-10-13,64170,64239,63590,63590,1426300,VCB
606,2021-10-14,63590,63720,62860,63390,1784700,VCB
607,2021-10-15,63450,63780,63260,63260,731500,VCB
608,2021-10-18,63120,63590,62280,62930,1247900,VCB
609,2021-10-19,63000,63260,62400,63190,836300,VCB
610,2021-10-20,63190,63390,61620,62280,1561000,VCB
611,2021-10-21,62540,62930,61620,61620,1226100,VCB
612,2021-10-22,62280,62280,61620,61820,240000,VCB
613,2021-10-25,62860,62860,61690,61690,800600,VCB
614,2021-10-26,61690,62020,61350,61620,632000,VCB
615,2021-10-27,62020,63260,61820,63000,1428600,VCB
616,2021-10-28,63330,64170,63000,64170,1772600,VCB
617,2021-10-29,63780,64500,63520,64239,1263800,VCB
618,2021-11-01,64310,64379,63590,63590,1057500,VCB
619,2021-11-02,63850,64239,63780,64170,808300,VCB
620,2021-11-03,64050,64769,63780,64700,1830000,VCB
621,2021-11-04,64700,64769,63720,64500,989400,VCB
622,2021-11-05,63910,64890,63590,63910,1126300,VCB
623,2021-11-08,64310,64500,63910,64379,1184200,VCB
624,2021-11-09,64239,64640,63590,63650,1377600,VCB
625,2021-11-10,63650,64379,63450,63980,857100,VCB
626,2021-11-11,64120,65099,63590,64440,1115600,VCB
627,2021-11-12,64440,64440,63910,64379,614800,VCB
628,2021-11-15,64440,64890,63720,64050,766700,VCB
629,2021-11-16,64050,64569,63590,63720,706300,VCB
630,2021-11-17,63720,64310,63720,64239,788300,VCB
631,2021-11-18,64440,64440,63590,63590,709700,VCB
632,2021-11-19,63720,64170,63650,63650,413000,VCB
633,2021-11-22,63780,64830,63650,64769,1017300,VCB
634,2021-11-23,64890,64959,64379,64959,549200,VCB
635,2021-11-24,65030,69220,65030,68700,1883300,VCB
636,2021-11-25,68830,70800,68570,70210,1473200,VCB
637,2021-11-26,69950,70930,68180,68830,879600,VCB
638,2021-11-29,67710,68760,66210,66270,851000,VCB
639,2021-11-30,68180,68180,64830,64830,1336500,VCB
640,2021-12-01,65160,66540,64440,64890,551500,VCB
641,2021-12-02,65750,66080,64769,64959,787700,VCB
642,2021-12-03,65030,66080,63910,64239,795900,VCB
643,2021-12-06,64239,65550,62540,62540,1008600,VCB
644,2021-12-07,63000,65160,63000,64379,820000,VCB
645,2021-12-08,64239,65160,64239,64700,507500,VCB
646,2021-12-09,63850,65160,63780,65030,805400,VCB
647,2021-12-10,66210,67390,65489,65550,1881200,VCB
648,2021-12-13,66870,66870,65030,65290,1038000,VCB
649,2021-12-14,65290,65880,64959,65099,862300,VCB
650,2021-12-15,65220,66010,64890,65489,732300,VCB
651,2021-12-16,66080,66080,64310,64959,1047100,VCB
652,2021-12-17,65550,65550,63260,63260,3475700,VCB
653,2021-12-20,64569,65220,64310,65220,736900,VCB
654,2021-12-21,64890,65420,64569,64830,774100,VCB
655,2021-12-22,65200,65880,64860,65110,1915300,VCB
656,2021-12-23,65620,66810,64780,64780,1489000,VCB
657,2021-12-24,65030,66470,65030,66470,849400,VCB
658,2021-12-27,66810,67990,65960,67570,934100,VCB
659,2021-12-28,67740,68590,66050,67740,1168800,VCB
660,2021-12-29,67320,67570,66980,67320,440000,VCB
661,2021-12-30,67570,67650,65790,66380,920300,VCB
662,2021-12-31,66890,67060,66380,66720,422000,VCB
663,2022-01-04,66890,67230,66050,66890,1133800,VCB
664,2022-01-05,66890,68080,66050,66050,1603100,VCB
665,2022-01-06,66550,67650,65960,66980,1215600,VCB
666,2022-01-07,67400,67650,66220,67570,966200,VCB
667,2022-01-10,67490,67650,66470,66890,941200,VCB
668,2022-01-11,67740,67740,66470,67230,952700,VCB
669,2022-01-12,67230,67740,66050,67740,1801500,VCB
670,2022-01-13,68160,71460,67910,69350,2532800,VCB
671,2022-01-14,69350,70620,68590,70620,1522100,VCB
672,2022-01-17,70280,74510,69690,72990,2628500,VCB
673,2022-01-18,72400,74170,71130,74170,1696600,VCB
674,2022-01-19,74090,74090,71970,73500,914800,VCB
675,2022-01-20,72140,74090,70360,73750,2794300,VCB
676,2022-01-21,73580,76210,72900,75530,2502300,VCB
677,2022-01-24,75700,79170,74680,78750,2728300,VCB
678,2022-01-25,78320,81290,75360,81120,2396600,VCB
679,2022-01-26,81120,81120,78410,80020,2523500,VCB
680,2022-01-27,78750,80020,76550,77050,1732900,VCB
681,2022-01-28,77050,77900,75360,75360,2055700,VCB
682,2022-02-07,76710,78660,75780,78240,1620800,VCB
683,2022-02-08,78240,78240,76290,77900,1146400,VCB
684,2022-02-09,77220,77820,76460,76880,1582900,VCB
685,2022-02-10,77140,79090,77050,77310,1827200,VCB
686,2022-02-11,77310,77560,76210,76210,1158400,VCB
687,2022-02-14,74600,75190,72820,72820,3629100,VCB
688,2022-02-15,72820,74770,70960,73670,2453500,VCB
689,2022-02-16,74090,74430,73160,73670,1286000,VCB
690,2022-02-17,73670,74260,73500,74090,1431200,VCB
691,2022-02-18,73160,74090,73160,73840,1066200,VCB
692,2022-02-21,73330,74170,73330,74010,1017900,VCB
693,2022-02-22,73670,73670,71970,73500,1540200,VCB
694,2022-02-23,73670,73670,72650,73580,986300,VCB
695,2022-02-24,73410,73500,71970,72230,2078700,VCB
696,2022-02-25,72230,72730,71970,72060,1616500,VCB
697,2022-02-28,72060,72060,71460,71550,1322100,VCB
698,2022-03-01,71550,72310,71210,71970,1295400,VCB
699,2022-03-02,72480,72480,71300,71970,1655600,VCB
700,2022-03-03,71970,72400,71720,72400,1052200,VCB
701,2022-03-04,72140,72400,71800,71890,1058100,VCB
702,2022-03-07,71380,71890,71040,71890,996900,VCB
703,2022-03-08,70960,71550,69010,69010,2936300,VCB
704,2022-03-09,69260,70360,69180,70280,1325300,VCB
705,2022-03-10,70280,70870,70190,70700,1154100,VCB
706,2022-03-11,70870,71040,70280,70960,876100,VCB
707,2022-03-14,70530,71300,70450,71300,1438200,VCB
708,2022-03-15,71130,71210,68590,68670,2385900,VCB
709,2022-03-16,68840,70450,68840,69860,1000600,VCB
710,2022-03-17,70280,70700,70030,70280,1222400,VCB
711,2022-03-18,70360,72140,70190,71300,1406600,VCB
712,2022-03-21,71300,72400,71130,71890,933900,VCB
713,2022-03-22,71890,72400,71890,71890,775100,VCB
714,2022-03-23,71890,72480,71890,71890,966600,VCB
715,2022-03-24,71890,71890,70700,70700,570200,VCB
716,2022-03-25,71130,71130,69430,69860,1137800,VCB
717,2022-03-28,70280,70280,69430,69770,725400,VCB
718,2022-03-29,69770,70280,69090,69350,1007700,VCB
719,2022-03-30,69260,70700,69010,69430,913900,VCB
720,2022-03-31,69430,69940,69430,69520,492400,VCB
721,2022-04-01,69520,70790,68670,70110,900300,VCB
722,2022-04-04,70450,71210,69940,69940,712000,VCB
723,2022-04-05,70110,70450,69940,70280,526100,VCB
724,2022-04-06,70190,71970,69180,71630,2009600,VCB
725,2022-04-07,71890,72140,70280,70280,928000,VCB
726,2022-04-08,71040,71040,70190,70280,788200,VCB
727,2022-04-12,70280,70450,69090,69770,841300,VCB
728,2022-04-13,70280,70360,69430,69770,850700,VCB
729,2022-04-14,69770,70190,68590,68590,1151400,VCB
730,2022-04-15,68760,69010,67910,67910,894800,VCB
731,2022-04-18,67740,67910,65710,65790,1237300,VCB
732,2022-04-19,65880,66470,65710,65790,1003400,VCB
733,2022-04-20,66050,66810,65790,66380,904600,VCB
734,2022-04-21,66380,67060,66220,66380,2178200,VCB
735,2022-04-22,66980,69940,66980,69600,2771900,VCB
736,2022-04-25,69600,70280,65200,69260,2479400,VCB
737,2022-04-26,66890,68160,66890,68160,1912000,VCB
738,2022-04-27,66380,69430,66220,69010,1429800,VCB
739,2022-04-28,69010,69090,67320,69010,564100,VCB
740,2022-04-29,68920,69690,67740,68500,1259200,VCB
741,2022-05-04,68500,68590,66890,67650,892600,VCB
742,2022-05-05,68160,69010,67400,68590,1019300,VCB
743,2022-05-06,67490,68760,67230,67230,775900,VCB
744,2022-05-09,66720,68080,65880,65960,1674200,VCB
745,2022-05-10,65280,67740,65280,67740,926000,VCB
746,2022-05-11,67740,67990,66890,67740,931300,VCB
747,2022-05-12,66890,67650,65200,65200,972300,VCB
748,2022-05-13,65200,66050,61810,61810,1963600,VCB
749,2022-05-16,63930,64690,62660,62830,1558800,VCB
750,2022-05-17,62830,65200,61900,64349,2262300,VCB
751,2022-05-18,65200,65200,63510,63840,881000,VCB
752,2022-05-19,63510,64940,63340,64349,575800,VCB
753,2022-05-20,63590,64780,63510,63760,661800,VCB
754,2022-05-23,64010,64010,62320,63000,631600,VCB
755,2022-05-24,63420,64099,62910,64010,898700,VCB
756,2022-05-25,64349,65200,63340,65200,817000,VCB
757,2022-05-26,65200,65280,64349,64940,978900,VCB
758,2022-05-27,64940,65540,64610,65540,892000,VCB
759,2022-05-30,65540,68590,64690,66050,1327400,VCB
760,2022-05-31,66810,66810,66050,66810,483700,VCB
761,2022-06-01,66890,68160,66890,68160,798800,VCB
762,2022-06-02,68420,68420,66890,66890,641400,VCB
763,2022-06-03,66380,67320,64690,65620,527800,VCB
764,2022-06-06,65620,67740,63590,67490,880500,VCB
765,2022-06-07,66890,69430,66130,68590,933000,VCB
766,2022-06-08,68590,68590,66720,67060,1164700,VCB
767,2022-06-09,66890,67650,65790,65880,1067500,VCB
768,2022-06-10,65880,66890,65540,65790,390900,VCB
769,2022-06-13,65200,65200,62740,64690,1105800,VCB
770,2022-06-14,63930,66130,62660,65200,1066200,VCB
771,2022-06-15,65540,66300,63760,64780,1243600,VCB
772,2022-06-16,64940,67740,64780,66980,1209600,VCB
773,2022-06-17,65200,66300,64440,64440,1050600,VCB
774,2022-06-20,67320,67320,63760,64349,1089700,VCB
775,2022-06-21,64349,65790,63670,65790,937100,VCB
776,2022-06-22,65960,66050,63510,64349,1069200,VCB
777,2022-06-23,63590,64940,63420,64269,590200,VCB
778,2022-06-24,64519,64610,63170,63510,648600,VCB
779,2022-06-27,63930,64349,63340,63420,862500,VCB
780,2022-06-28,63510,65200,63340,64610,1095800,VCB
781,2022-06-29,64180,64269,63760,63930,847500,VCB
782,2022-06-30,63930,64349,63340,63340,678400,VCB
783,2022-07-01,63080,63510,61730,62660,1383000,VCB
784,2022-07-04,63420,63670,62570,62740,746200,VCB
785,2022-07-05,63420,63420,62320,62660,1064500,VCB
786,2022-07-06,62400,62570,58340,61640,1548200,VCB
787,2022-07-07,61560,63930,60710,63930,1258400,VCB
788,2022-07-08,63420,63510,62570,62660,761000,VCB
789,2022-07-11,62070,62240,60970,60970,660800,VCB
790,2022-07-12,61050,61470,60710,60880,811500,VCB
791,2022-07-13,60800,62150,60460,60800,1379900,VCB
792,2022-07-14,60800,61640,60630,61300,329400,VCB
793,2022-07-15,61050,62240,61050,61220,597500,VCB
794,2022-07-18,61390,61730,60970,60970,391400,VCB
795,2022-07-19,60970,61050,60200,60370,812100,VCB
796,2022-07-20,60630,61390,60630,61390,544900,VCB
797,2022-07-21,61390,61730,61050,61390,1164600,VCB
798,2022-07-22,61050,61560,60970,61390,1009600,VCB
799,2022-07-25,61300,61980,60970,61730,962700,VCB
800,2022-07-26,61980,63000,61980,62570,1119800,VCB
801,2022-07-27,62660,63510,62400,63510,1259900,VCB
802,2022-07-28,63840,64010,63340,63760,1164800,VCB
803,2022-07-29,63840,63930,63250,63250,1176000,VCB
804,2022-08-01,63250,65200,63000,65200,1577300,VCB
805,2022-08-02,65200,65960,64349,65880,1101400,VCB
806,2022-08-03,66300,67320,66050,67320,1005700,VCB
807,2022-08-04,67320,69860,67230,69860,2261100,VCB
808,2022-08-05,69430,69770,68670,69430,1395800,VCB
809,2022-08-08,69430,69860,69350,69430,915000,VCB
810,2022-08-09,69430,69430,67650,68420,1217900,VCB
811,2022-08-10,67820,68590,67820,68160,507500,VCB
812,2022-08-11,68840,69430,68250,69010,1171500,VCB
813,2022-08-12,69010,69350,68500,69090,1251800,VCB
814,2022-08-15,69430,69690,69180,69260,1259500,VCB
815,2022-08-16,69430,69430,68670,69010,687100,VCB
816,2022-08-17,68760,69180,68760,69010,764000,VCB
817,2022-08-18,68840,69430,68760,69010,1568600,VCB
818,2022-08-19,68250,69430,68250,68500,1148000,VCB
819,2022-08-22,67820,69010,67740,67740,525800,VCB
820,2022-08-23,67740,68840,67650,67910,648000,VCB
821,2022-08-24,68760,70190,67990,69430,1083700,VCB
822,2022-08-25,69600,69600,68840,69430,538800,VCB
823,2022-08-26,69430,70870,69430,69860,1559500,VCB
824,2022-08-29,68920,69860,68500,69860,951500,VCB
825,2022-08-30,69860,72820,69860,72820,2502800,VCB
826,2022-08-31,72820,73240,71130,71130,1055900,VCB
827,2022-09-05,71130,71380,69860,69940,1547800,VCB
828,2022-09-06,69940,71130,69520,70030,1027300,VCB
829,2022-09-07,69430,69860,67570,67740,2293300,VCB
830,2022-09-08,68500,68500,66050,66050,1074300,VCB
831,2022-09-09,66470,67150,66220,66720,1029200,VCB
832,2022-09-12,67400,67490,66720,66980,699800,VCB
833,2022-09-13,67230,67230,66550,66550,1187900,VCB
834,2022-09-14,65370,67320,65200,66300,1085800,VCB
835,2022-09-15,66470,67150,66130,67060,611900,VCB
836,2022-09-16,67150,67740,66470,67740,1519200,VCB
837,2022-09-19,66890,67910,66050,66720,938500,VCB
838,2022-09-20,66720,67740,66550,67060,521200,VCB
839,2022-09-21,67150,67400,65960,66810,499200,VCB
840,2022-09-22,65790,66550,65620,66050,1183000,VCB
841,2022-09-23,65370,65790,64180,64269,1034100,VCB
842,2022-09-26,63590,65200,62740,63510,1255900,VCB
843,2022-09-27,64349,64349,62830,62910,653400,VCB
844,2022-09-28,62660,63510,62490,63510,587700,VCB
845,2022-09-29,64349,64349,62660,62660,587800,VCB
846,2022-09-30,61980,62910,61300,61980,1262400,VCB
847,2022-10-03,62240,62490,59530,59780,894900,VCB
848,2022-10-04,59270,60880,58850,60370,1280900,VCB
849,2022-10-05,60460,60970,60200,60540,835000,VCB
850,2022-10-06,60970,60970,59190,59360,751500,VCB
851,2022-10-07,58930,58930,55290,56480,2113700,VCB
852,2022-10-10,56310,57320,54280,55120,1317000,VCB
853,2022-10-11,55290,55880,52500,52500,1161700,VCB
854,2022-10-12,53340,55290,52670,54190,1517400,VCB
855,2022-10-13,54280,56310,53090,56310,1596800,VCB
856,2022-10-14,58000,58000,56990,57660,1599300,VCB
857,2022-10-17,56990,57580,55460,56140,1241000,VCB
858,2022-10-18,57580,57580,56990,57320,885000,VCB
859,2022-10-19,57490,57580,56990,57490,627400,VCB
860,2022-10-20,57490,59270,56820,58590,1517200,VCB
861,2022-10-21,58590,59860,57580,57580,1283700,VCB
862,2022-10-24,58850,58850,55720,57580,670100,VCB
863,2022-10-25,55880,59780,55880,59190,1535500,VCB
864,2022-10-26,59780,59780,58000,59270,591400,VCB
865,2022-10-27,59700,61730,58680,60710,1297800,VCB
866,2022-10-28,61390,63080,60630,60630,1561000,VCB
867,2022-10-31,62240,62240,61390,62240,659400,VCB
868,2022-11-01,62660,63510,62070,63510,826100,VCB
869,2022-11-02,62660,63080,60970,62320,1255100,VCB
870,2022-11-03,60970,62150,60970,61810,726600,VCB
871,2022-11-04,60540,61390,58340,60800,1538000,VCB
872,2022-11-07,60800,61810,60200,60800,1232000,VCB
873,2022-11-08,60970,63510,60630,61470,1659900,VCB
874,2022-11-09,62240,62830,61470,62660,1214800,VCB
875,2022-11-10,62570,62570,60630,61640,958500,VCB
876,2022-11-11,61810,63930,61810,63930,1314200,VCB
877,2022-11-14,63930,64780,62740,63590,1536500,VCB
878,2022-11-15,63000,64690,61050,63510,1581800,VCB
879,2022-11-16,59530,66050,59530,63590,2349800,VCB
880,2022-11-17,64440,64860,63930,64780,1645700,VCB
881,2022-11-18,64269,65110,62320,64780,1564800,VCB
882,2022-11-21,64780,64780,63510,63510,1106900,VCB
883,2022-11-22,63080,64349,61390,62240,1936000,VCB
884,2022-11-23,61810,62240,61300,62240,794200,VCB
885,2022-11-24,62240,62660,61390,61810,1082000,VCB
886,2022-11-25,61900,62320,61640,61900,1675100,VCB
887,2022-11-28,63080,65200,62490,64940,1341900,VCB
888,2022-11-29,64349,67570,64349,67570,1707400,VCB
889,2022-11-30,67990,68590,65200,68590,1322600,VCB
890,2022-12-01,68500,68920,67060,67740,1178900,VCB
891,2022-12-02,67650,71970,67150,71970,1241300,VCB
892,2022-12-05,71210,73670,69860,71970,1664000,VCB
893,2022-12-06,71970,72140,67740,67740,1308000,VCB
894,2022-12-07,67740,69430,66050,66470,1455800,VCB
895,2022-12-08,66890,68590,65200,65200,2109700,VCB
896,2022-12-09,66380,67060,65280,65450,1684100,VCB
897,2022-12-12,66720,68160,65540,65540,2105700,VCB
898,2022-12-13,66130,67150,65960,66220,2232500,VCB
899,2022-12-14,67490,67490,66470,66720,1083500,VCB
900,2022-12-15,66720,68330,66550,67320,1250400,VCB
901,2022-12-16,67320,70190,66810,67490,3158100,VCB
902,2022-12-19,67740,68590,66890,67060,757500,VCB
903,2022-12-20,67490,69430,66890,66890,1424400,VCB
904,2022-12-21,68920,68920,66640,66640,962000,VCB
905,2022-12-22,67320,68670,67150,67150,1073500,VCB
906,2022-12-23,67910,68760,66980,66980,1079200,VCB
907,2022-12-26,67060,68420,66810,66810,1203600,VCB
908,2022-12-27,67910,67910,67230,67650,136100,VCB
909,2022-12-27,67650,68160,66810,66980,1058000,VCB
910,2022-12-28,68080,69430,67320,67740,1173500,VCB
911,2022-12-29,69690,69860,68160,68330,1237400,VCB
912,2022-12-30,70190,70360,67740,67740,1510900,VCB
913,2023-01-03,67910,69940,67910,69940,1089800,VCB
914,2023-01-04,70190,70190,69260,70110,837900,VCB
915,2023-01-05,70110,71130,69860,71130,1078600,VCB
916,2023-01-06,71130,71800,71040,71130,1125500,VCB
917,2023-01-09,72650,73580,71800,73580,1667100,VCB
918,2023-01-10,72990,76120,72990,73920,2112500,VCB
919,2023-01-11,73920,73920,72060,72060,983000,VCB
920,2023-01-12,72140,72140,70960,71800,1879000,VCB
921,2023-01-13,72140,73240,72140,72650,822000,VCB
922,2023-01-16,72820,74940,72820,73920,735200,VCB
923,2023-01-17,74940,75700,73920,75700,644600,VCB
924,2023-01-18,76210,77050,75700,76210,834000,VCB
925,2023-01-19,75780,81290,74090,78750,1716800,VCB
926,2023-01-27,78750,80100,77480,78750,1552000,VCB
927,2023-01-30,77980,78320,76040,76120,1045000,VCB
928,2023-01-31,76120,77820,74340,77820,1447700,VCB
929,2023-02-01,77900,78320,75440,75440,1136400,VCB
930,2023-02-02,75020,77900,75020,76710,984600,VCB
931,2023-02-03,76460,78750,75440,78750,893400,VCB
932,2023-02-06,78410,81540,77480,81290,1151200,VCB
933,2023-02-07,80690,80860,77900,77900,1195400,VCB
934,2023-02-08,77980,81460,77980,79760,884800,VCB
935,2023-02-09,79420,80440,78750,78750,759400,VCB
936,2023-02-10,80020,80020,78580,80020,647700,VCB
937,2023-02-13,80270,80780,77900,79170,872700,VCB
938,2023-02-14,79170,79170,77220,78320,1143100,VCB
939,2023-02-15,78320,79760,77220,78750,899300,VCB
940,2023-02-16,78750,79590,78070,78240,776600,VCB
941,2023-02-17,78750,79000,77900,78750,918900,VCB
942,2023-02-20,78750,80020,78750,79420,1095000,VCB
943,2023-02-21,79760,80360,79590,79760,675500,VCB
944,2023-02-22,79760,79850,78320,78750,1025500,VCB
945,2023-02-23,78750,79590,77220,79000,1025700,VCB
946,2023-02-24,78750,79590,76210,79170,631400,VCB
947,2023-02-27,78750,79170,77650,78580,501000,VCB
948,2023-02-28,78830,79340,78410,79170,565800,VCB
949,2023-03-01,78150,79090,78070,78750,729700,VCB
950,2023-03-02,78750,79420,77730,78920,984700,VCB
951,2023-03-03,77730,78580,76970,76970,798600,VCB
952,2023-03-06,77050,78070,77050,77050,711900,VCB
953,2023-03-07,77480,78320,77140,77820,970300,VCB
954,2023-03-08,77050,78070,76800,78070,871900,VCB
955,2023-03-09,77900,79090,77650,78750,1098100,VCB
956,2023-03-10,78070,78320,77480,77980,707800,VCB
957,2023-03-13,77900,77900,76880,77480,759200,VCB
958,2023-03-14,77050,77220,76630,77050,863700,VCB
959,2023-03-15,77560,77900,77140,77390,807800,VCB
960,2023-03-16,77050,77900,75780,77050,806000,VCB
961,2023-03-17,77050,77140,75360,75360,2272200,VCB
962,2023-03-20,75360,75780,72060,72060,1034000,VCB
963,2023-03-21,72310,76120,72310,73240,1057400,VCB
964,2023-03-22,73330,76120,73330,75360,1055800,VCB
965,2023-03-23,75190,76630,73920,75610,763600,VCB
966,2023-03-24,77050,77050,75280,75700,415300,VCB
967,2023-03-27,75360,77050,74510,77050,730100,VCB
968,2023-03-28,76880,78660,76290,77050,784100,VCB
969,2023-03-29,78320,78320,76630,78150,422800,VCB
970,2023-03-30,78150,78920,77900,78490,409700,VCB
971,2023-03-31,78580,78920,76630,77730,664000,VCB
972,2023-04-03,77650,78660,77220,78580,699600,VCB
973,2023-04-04,78580,78660,77560,77820,226500,VCB
974,2023-04-05,78150,78150,77140,77900,286700,VCB
975,2023-04-06,77480,77980,77220,77390,350000,VCB
976,2023-04-07,77050,77140,75780,76210,645000,VCB
977,2023-04-10,76210,76210,75360,75440,583500,VCB
978,2023-04-11,75360,76210,74680,76120,546800,VCB
979,2023-04-12,74770,75020,74510,74600,457700,VCB
980,2023-04-13,74770,74940,74340,74600,451400,VCB
981,2023-04-14,74770,75440,74680,75020,390100,VCB
982,2023-04-17,74850,74940,74340,74850,457900,VCB
983,2023-04-18,74770,75020,74090,74430,611900,VCB
984,2023-04-19,74600,75110,74510,74680,363200,VCB
985,2023-04-20,75190,75190,74510,74940,223700,VCB
986,2023-04-21,74510,74600,74010,74510,313600,VCB
987,2023-04-24,74510,74680,73670,74680,470400,VCB
988,2023-04-25,74680,74940,74090,74510,502400,VCB
989,2023-04-26,74510,75780,74430,75020,605200,VCB
990,2023-04-27,75110,76630,74850,75780,515100,VCB
991,2023-04-28,76210,76290,75190,76040,464000,VCB
992,2023-05-04,76210,76210,74940,75280,447300,VCB
993,2023-05-05,74940,75950,74680,75870,113900,VCB
994,2023-05-08,76210,78920,76040,78750,1500200,VCB
995,2023-05-09,78750,79510,78240,78240,530900,VCB
996,2023-05-10,77820,78750,77560,77980,334000,VCB
997,2023-05-11,77900,77980,77050,77140,459000,VCB
998,2023-05-12,77050,78240,76880,78240,602400,VCB
999,2023-05-15,77900,78750,77220,78070,418500,VCB
1000,2023-05-16,77900,78830,77310,78320,647700,VCB
1001,2023-05-17,78320,78750,78150,78410,517900,VCB
1002,2023-05-18,78660,81290,78070,80780,1434300,VCB
1003,2023-05-19,80020,80360,78410,79510,416900,VCB
1004,2023-05-22,78750,79510,78070,78830,544900,VCB
1005,2023-05-23,78750,79250,77980,78150,535100,VCB
1006,2023-05-24,78580,78580,77820,78410,342200,VCB
1007,2023-05-25,78410,79590,77390,78920,606600,VCB
1008,2023-05-26,78920,79170,77900,77900,283700,VCB
1009,2023-05-29,77900,80440,77900,78830,590500,VCB
1010,2023-05-30,78830,80270,78240,80020,564500,VCB
1011,2023-05-31,79510,79680,78830,79590,380100,VCB
1012,2023-06-01,80100,80100,78920,79510,646300,VCB
1013,2023-06-02,79510,80440,79000,80360,737800,VCB
1014,2023-06-05,80610,83570,80610,82980,1297800,VCB
1015,2023-06-06,82980,83830,81710,83830,759500,VCB
1016,2023-06-07,83830,83830,82130,82130,749600,VCB
1017,2023-06-08,82130,86110,82130,84670,1339400,VCB
1018,2023-06-09,84670,86370,83830,85100,820200,VCB
1019,2023-06-12,84590,85940,83070,85520,435100,VCB
1020,2023-06-13,84670,87210,84420,86790,838900,VCB
1021,2023-06-14,86710,88060,85940,86880,840500,VCB
1022,2023-06-15,86790,87810,86030,87640,912200,VCB
1023,2023-06-16,88230,90090,87380,88910,1331800,VCB
1024,2023-06-19,87720,88150,86110,86110,1139900,VCB
1025,2023-06-20,85610,85610,84500,84590,1781600,VCB
1026,2023-06-21,84420,85100,84420,84670,1187900,VCB
1027,2023-06-22,86370,86370,84590,85010,716500,VCB
1028,2023-06-23,85010,85010,84250,84590,705200,VCB
1029,2023-06-26,83910,85440,83910,84670,807200,VCB
1030,2023-06-27,84670,85520,84420,84670,685900,VCB
1031,2023-06-28,84670,86540,84500,85610,821200,VCB
1032,2023-06-29,86200,87210,85610,86280,640600,VCB
1033,2023-06-30,85610,86200,84670,84670,556600,VCB
1034,2023-07-03,84670,85350,84500,84670,490100,VCB
1035,2023-07-04,85270,86280,84590,84670,682700,VCB
1036,2023-07-05,85520,86790,84930,86370,953900,VCB
1037,2023-07-06,86450,86540,85100,85270,1021000,VCB
1038,2023-07-07,85100,88910,85010,88910,1064800,VCB
1039,2023-07-10,88820,88820,86620,86960,915100,VCB
1040,2023-07-11,86200,88910,86200,87210,887600,VCB
1041,2023-07-12,86960,88480,86960,88060,742800,VCB
1042,2023-07-13,88910,88910,87810,88820,928300,VCB
1043,2023-07-14,88820,88910,88060,88910,797700,VCB
1044,2023-07-17,88910,88910,88230,88740,791600,VCB
1045,2023-07-18,88820,88910,88310,88310,590000,VCB
1046,2023-07-19,88570,90690,88570,90180,926200,VCB
1047,2023-07-20,89330,90090,87720,88910,771600,VCB
1048,2023-07-21,88910,88910,88060,88910,663400,VCB
1049,2023-07-24,88990,89250,88480,88570,808500,VCB
1050,2023-07-25,90400,92500,90300,91700,2374800,VCB
1051,2023-07-26,91900,93400,91900,93400,1146400,VCB
1052,2023-07-27,93700,93700,92500,92700,957200,VCB
1053,2023-07-28,92700,93000,91800,93000,1116900,VCB
1054,2023-07-31,93000,93200,91600,91600,1468300,VCB
1055,2023-08-01,91600,92800,91200,91200,1281600,VCB
1056,2023-08-02,91200,91500,91000,91500,1055800,VCB
1057,2023-08-03,91500,91500,90500,90600,837900,VCB
1058,2023-08-04,90700,91100,90100,90100,1231600,VCB
1059,2023-08-07,90100,90800,90000,90800,1111700,VCB
1060,2023-08-08,90800,91200,90100,90700,823400,VCB
1061,2023-08-09,90700,90900,90100,90200,591600,VCB
1062,2023-08-10,90500,90500,88500,88500,1336100,VCB
1063,2023-08-11,88500,90400,88500,90400,920800,VCB
1064,2023-08-14,90300,90300,89000,89000,1471800,VCB
1065,2023-08-15,90000,90000,88500,88900,1148500,VCB
1066,2023-08-16,88800,89400,88700,89200,727300,VCB
1067,2023-08-17,89200,89800,88600,89400,2145100,VCB
1068,2023-08-18,89800,90300,89000,89500,2430400,VCB
1069,2023-08-21,89700,90200,89200,89800,1710900,VCB
1070,2023-08-22,89500,89700,87800,88400,1825000,VCB
1071,2023-08-23,88900,88900,86100,86300,1754800,VCB
1072,2023-08-24,86300,88200,86000,87000,902800,VCB
1073,2023-08-25,86200,87000,86000,86200,1404600,VCB
1074,2023-08-28,86400,87500,86200,87000,1378300,VCB
1075,2023-08-29,87000,88500,86900,88400,1391900,VCB
1076,2023-08-30,88500,89500,88500,89100,1350000,VCB
1077,2023-08-31,89100,89600,88300,89100,1531200,VCB
1078,2023-09-05,89100,90700,89100,90100,1942200,VCB
1079,2023-09-06,90200,90200,89700,90200,2017600,VCB
1080,2023-09-07,90000,90800,89500,89500,1765300,VCB
1081,2023-09-08,89500,89500,89100,89500,1341900,VCB
1082,2023-09-11,89600,90000,88000,88500,1649500,VCB
1083,2023-09-12,89000,90000,88900,89900,1572100,VCB
1084,2023-09-13,90000,90000,88900,89100,1582000,VCB
1085,2023-09-14,89000,89500,88100,89100,1512600,VCB
1086,2023-09-15,88900,89800,88600,89800,2142400,VCB
1087,2023-09-18,89500,89700,88300,88800,718100,VCB
1088,2023-09-19,88800,89200,86000,88100,1117200,VCB
1089,2023-09-20,88100,88400,86400,88000,786000,VCB
1090,2023-09-21,88000,88000,86800,87000,1066900,VCB
1091,2023-09-22,86400,89500,86000,89300,2408600,VCB
1092,2023-09-25,89000,89500,88300,89300,2210400,VCB
1093,2023-09-26,89200,89400,86900,87000,1663200,VCB
1094,2023-09-27,87600,89000,87000,87800,1204900,VCB
1095,2023-09-28,87200,88300,86600,88000,1065100,VCB
1096,2023-09-29,88300,88300,87100,87500,449300,VCB
1097,2023-10-02,87100,87200,86500,86500,765700,VCB
1098,2023-10-03,86500,86700,85800,86300,882600,VCB
1099,2023-10-04,86300,86300,85300,86300,923800,VCB
1100,2023-10-05,86000,86000,84500,84500,890000,VCB
1101,2023-10-06,84500,85400,83500,85400,800900,VCB
1102,2023-10-09,85400,85400,84000,84600,1096100,VCB
1103,2023-10-10,84600,86200,84600,86100,734100,VCB
1104,2023-10-11,86200,86500,85700,86500,719400,VCB
1105,2023-10-12,86900,86900,85500,86000,714100,VCB
1106,2023-10-13,86000,86600,85500,86600,663100,VCB
1107,2023-10-16,85600,86600,85600,86100,332300,VCB
1108,2023-10-17,86100,86500,85500,85900,363400,VCB
1109,2023-10-18,85500,86000,85000,85900,1147400,VCB
1110,2023-10-19,85500,86000,84100,84500,1363600,VCB
1111,2023-10-20,83500,85300,82700,84800,938400,VCB
1112,2023-10-23,84500,84500,82500,84500,966600,VCB
1113,2023-10-24,84500,86500,83900,86000,994000,VCB
1114,2023-10-25,85100,85800,84600,85800,660100,VCB
1115,2023-10-26,85000,86000,83500,84500,1420300,VCB
1116,2023-10-27,84600,85000,83800,85000,773400,VCB
1117,2023-10-30,83500,86000,83500,85900,592900,VCB
1118,2023-10-31,85900,86900,84900,86800,1345300,VCB
1119,2023-11-01,86800,87800,86100,87800,1479100,VCB
1120,2023-11-02,88000,89000,86600,89000,1057500,VCB
1121,2023-11-03,89000,89400,88100,88900,1086600,VCB
1122,2023-11-06,88900,89800,88500,89500,774800,VCB
1123,2023-11-07,89000,89300,88300,88300,413900,VCB
1124,2023-11-08,88200,89700,87900,89500,1270300,VCB
1125,2023-11-09,89500,89500,87900,87900,1166800,VCB
1126,2023-11-10,87100,87500,86000,86000,1352000,VCB
1127,2023-11-13,86000,86100,85400,85500,937700,VCB
1128,2023-11-14,86000,86500,85400,86000,987500,VCB
1129,2023-11-15,86500,87700,86500,87700,4067800,VCB
1130,2023-11-16,87000,88000,86700,88000,1284800,VCB
1131,2023-11-17,87800,87900,85500,85600,1588000,VCB
1132,2023-11-20,85600,87000,85000,86100,1098400,VCB
1133,2023-11-21,86100,86700,85800,86600,1151400,VCB
1134,2023-11-22,86300,86700,85500,86700,1012700,VCB
1135,2023-11-23,86700,86800,85500,85500,647200,VCB
1136,2023-11-24,85500,86000,85000,86000,734500,VCB
1137,2023-11-27,86000,86000,85100,85800,443000,VCB
1138,2023-11-28,85500,85900,84800,85800,779400,VCB
1139,2023-11-29,85400,85900,85100,85100,733100,VCB
1140,2023-11-30,85100,85400,84700,84700,927600,VCB
1141,2023-12-01,84900,85000,84100,85000,714700,VCB
1142,2023-12-04,85400,86200,84800,86000,888100,VCB
1143,2023-12-05,86000,86100,84800,85400,992800,VCB
1144,2023-12-06,85300,86000,85000,85900,638000,VCB
1145,2023-12-07,85700,86000,85000,85200,992300,VCB
1146,2023-12-08,85200,85500,85000,85000,1183000,VCB
1147,2023-12-11,85000,85300,84100,84200,1400000,VCB
1148,2023-12-12,84700,84700,84000,84200,1006400,VCB
1149,2023-12-13,84200,84500,83700,83700,1152900,VCB
1150,2023-12-14,84000,84500,84000,84400,840600,VCB
1151,2023-12-15,84000,84400,82200,82200,2530300,VCB
1152,2023-12-18,82800,82900,81500,81500,1804000,VCB
1153,2023-12-19,81500,81500,80100,81200,1961300,VCB
1154,2023-12-20,81200,81300,80500,81100,1872300,VCB
1155,2023-12-21,81000,81000,80300,80900,2030300,VCB
1156,2023-12-22,80900,81100,80400,80900,1579800,VCB
1157,2023-12-25,80900,81800,80700,81800,1301600,VCB
1158,2023-12-26,82000,82800,82000,82800,971200,VCB
1159,2023-12-27,82900,83200,82500,82700,899600,VCB
1160,2023-12-28,82700,83100,82400,82800,703200,VCB
1161,2023-12-29,83500,83900,80300,80300,1621700,VCB
1162,2024-01-02,82900,83600,82200,83500,1785800,VCB
1163,2024-01-03,83500,84500,82800,84500,1373000,VCB
1164,2024-01-04,84500,86200,84000,85900,2657900,VCB
1165,2024-01-05,85900,86200,85700,86200,1180300,VCB
1166,2024-01-08,86300,86800,86300,86800,1607800,VCB
1167,2024-01-09,86800,87900,86800,87800,1926400,VCB
1168,2024-01-10,87800,89500,87200,89500,1795400,VCB
1169,2024-01-11,89500,90000,88600,89300,1489100,VCB
1170,2024-01-12,88100,89500,87400,88700,1909500,VCB
1171,2024-01-15,89000,90100,88900,90000,1914200,VCB
1172,2024-01-16,89000,90100,88900,90000,1367200,VCB
1173,2024-01-17,89000,91000,89000,90900,1578200,VCB
1174,2024-01-18,90900,91200,90000,91100,1422900,VCB
1175,2024-01-19,91000,93000,90400,92600,1472600,VCB
1176,2024-01-22,93500,93500,92000,92000,1046300,VCB
1177,2024-01-23,92100,92400,90400,91500,1256900,VCB
1178,2024-01-24,91600,92000,90900,91100,744700,VCB
1179,2024-01-25,91100,91600,90700,91000,503300,VCB
1180,2024-01-26,91600,92000,91400,92000,953100,VCB
1181,2024-01-29,91800,92000,90900,91200,730500,VCB
1182,2024-01-30,91200,91200,90100,91000,888600,VCB
1183,2024-01-31,90600,90600,88500,88500,945600,VCB
1184,2024-02-01,88000,90200,88000,89800,598100,VCB
1185,2024-02-02,89100,90500,89100,90300,733000,VCB
1186,2024-02-05,90200,90600,89400,90000,1949000,VCB
1187,2024-02-06,90300,90600,89100,89500,1352300,VCB
1188,2024-02-07,90000,90800,89300,90000,1371400,VCB
1189,2024-02-15,90000,90700,89100,89900,1046700,VCB
1190,2024-02-16,89900,90200,89500,89600,734100,VCB
1191,2024-02-19,89900,90500,89300,90200,1045300,VCB
1192,2024-02-20,90100,91400,89400,91300,1404300,VCB
1193,2024-02-21,91700,91700,90500,91200,1367400,VCB
1194,2024-02-22,90600,91000,89500,89500,1223900,VCB
1195,2024-02-23,89500,91400,88900,88900,1800900,VCB
1196,2024-02-26,88900,90000,88900,89500,722000,VCB
1197,2024-02-27,89600,91200,89100,91100,1604900,VCB
1198,2024-02-28,91000,97400,90400,97400,4219900,VCB
1199,2024-02-29,98500,100500,97300,97300,1897000,VCB
1200,2024-03-01,98200,98200,94900,97300,2379600,VCB
1201,2024-03-04,98000,98000,95600,96000,1640400,VCB
1202,2024-03-05,96600,96600,95200,95500,1364800,VCB
1203,2024-03-06,95500,96800,95100,95600,2070600,VCB
1204,2024-03-07,95900,97400,95500,95800,2362300,VCB
1205,2024-03-08,95900,96500,95100,95100,2229600,VCB
1206,2024-03-11,95100,96000,94100,94100,1840000,VCB
1207,2024-03-12,94100,94900,94000,94400,1107000,VCB
1208,2024-03-13,94900,96500,94300,96000,3124500,VCB
1209,2024-03-14,96000,96100,94600,95000,2319300,VCB
1210,2024-03-15,95000,95000,93900,94000,2302500,VCB
1211,2024-03-18,94300,94500,92500,93000,1839300,VCB
1212,2024-03-19,92500,93500,92500,92500,868500,VCB
1213,2024-03-20,92500,94100,92500,93200,897700,VCB
1214,2024-03-21,94000,95500,94000,95200,1452700,VCB
1215,2024-03-22,95200,96800,95200,96400,1844100,VCB
1216,2024-03-25,95000,96900,94100,95700,1368800,VCB
1217,2024-03-26,96000,96600,95800,96300,735400,VCB
1218,2024-03-27,96200,96200,95600,95800,1046200,VCB
1219,2024-03-28,96200,96400,95600,95700,1232800,VCB
1220,2024-03-29,95900,95900,94900,94900,801200,VCB
1221,2024-04-01,94900,96000,94700,95200,1221000,VCB
1222,2024-04-02,95100,95200,93900,94500,969000,VCB
1223,2024-04-03,94400,94800,93800,93800,1321100,VCB
1224,2024-04-04,94900,96000,94400,96000,2022700,VCB
1225,2024-04-05,94800,95600,94200,94900,779200,VCB
1226,2024-04-08,94900,95300,94200,94900,864100,VCB
1227,2024-04-09,95000,95400,94200,94300,686800,VCB
1228,2024-04-10,94300,94600,94100,94500,737400,VCB
1229,2024-04-11,94000,94600,93500,94000,778000,VCB
1230,2024-04-12,94500,95500,93800,94600,844800,VCB
1231,2024-04-15,94600,96500,92000,92000,1900300,VCB
1232,2024-04-16,93800,93800,90500,91000,1857700,VCB
1233,2024-04-17,91200,92100,89500,90500,1452600,VCB
1234,2024-04-19,90000,90900,89700,90500,1324800,VCB
1235,2024-04-22,90500,91400,90200,90600,999100,VCB
1236,2024-04-23,90600,91200,89200,90100,1562900,VCB
1237,2024-04-24,91000,91100,90100,90600,1925200,VCB
1238,2024-04-25,90600,92900,90500,91000,1235700,VCB
1239,2024-04-26,91700,93300,91200,91200,1698300,VCB
1240,2024-05-02,92100,92500,91100,91900,932400,VCB
1241,2024-05-03,92400,93400,91800,92500,1470700,VCB
1242,2024-05-06,92900,93300,92700,93000,1147200,VCB
1243,2024-05-07,93400,94100,92900,92900,1154200,VCB
1244,2024-05-08,92700,93200,92100,93000,1246000,VCB
1245,2024-05-09,92900,93400,92300,92500,606600,VCB
1246,2024-05-10,92700,92700,91700,92000,823400,VCB
1247,2024-05-13,92100,92400,90500,91000,1232600,VCB
1248,2024-05-14,91100,91600,90500,90600,818400,VCB
1249,2024-05-15,91000,91300,90800,91000,883100,VCB
1250,2024-05-16,92000,92700,91500,92600,1713900,VCB
1251,2024-05-17,92600,92600,91700,91800,1084700,VCB
1252,2024-05-20,92300,93000,91800,91900,1043800,VCB
